﻿Sector: Ship Building,
Date: 29-Jul-2023,
Note:- Statement: 1 = Standalone and 2 = Consolidated,
Generated by and for: anjanr@wealthwisers.in,

Stock Name,Symbol,Industry,Market Cap(Rs. Cr.),Statement,Period Ending,Total Debt(Rs. Cr.),Enterprise Value(Rs. Cr.),Year Ending,Net Sales (Rs. Cr.),Profit After Tax(Rs. Cr.),TTM Statement,TTM Ending,Price Earning Ratio(TTM),"PEG Ratio ",Price To Book Value(TTM),Debt Equity Ratio,Return On Equity(%),Return On Capital Employed(%),Symbol with Comma for External Upload
Mazagon Dock Shipbuilders Ltd.,MAZDOCK,Ship Building,39591.75,2,2023-03,,26305.33,2022-03,5733.28,563.11,2,2023-03,35.38,66.09,8.32,0,15.45,20.97,"MAZDOCK,"
Cochin Shipyard Ltd.,COCHINSHIP,Ship Building,8957.24,2,2023-03,132.87,4332.09,2022-03,3190.95,563.96,2,2023-03,29.4,,2.02,0.03,13.39,18.89,"COCHINSHIP,"
Garden Reach Shipbuilders & Engineers Ltd.,GRSE,Ship Building,7092.49,1,2023-03,301.17,3065.85,2022-03,1757.51,189.53,1,2023-03,31.09,0.41,5.02,0,15.83,21.58,"GRSE,"
Knowledge Marine & Engineering Works Ltd.,543273,Ship Building,1209.87,2,2023-03,24.14,1234.01,2022-03,61.11,20.87,1,2023-03,25.96,,9.24,0.56,56.12,51.81,"543273,"
VMS Industries Ltd.,533427,Ship Building,27.31,1,2023-03,29.04,56.36,2022-03,157.64,-7.61,1,2023-03,10.94,,0.47,0.57,-13.93,-6.95,"533427,"
